{
  "total_energy_J": 4194113.9336042427,
  "total_carbon_g": 377.21253002742384,
  "cold_starts": 20475,
  "avg_latency_s": 17.719581555132553,
  "total_network_latency_s": 1370.2500000012806,
  "invocation_count": 54375,
  "keep_alive_energy_J": 433546.06581947283,
  "execution_energy_J": 3760567.8677847697,
  "keep_alive_carbon_g": 40.608766499783336,
  "execution_carbon_g": 336.6037635276405,
  "idle_time_by_function": {
    "custom-1000-1024-0000076708": 7253.542999998201,
    "custom-1000-1024-0000080396": 23866.932000006083,
    "custom-1000-1024-0000097904": 30576.09000000311,
    "custom-1000-1024-0000128878": 668.7280000001192,
    "custom-1000-1024-0000183561": 30085.08500000136,
    "custom-1000-1024-0000213522": 300.50399999972433,
    "custom-1000-1024-0000250622": 431.6799999992363,
    "custom-1000-1024-0000256214": 1061.3330000001006,
    "custom-1000-1024-0000258246": 995.8499999996275,
    "custom-1000-1024-0000263448": 1359.378000001423,
    "custom-1000-1024-0000297890": 790.8519999994896,
    "custom-1000-1024-0000309566": 7246.768000000622,
    "custom-1000-1024-0000548525": 211.31600000010803,
    "custom-1000-1024-0000558968": 2077.1769999959506,
    "custom-1000-1024-0000632095": 2795.036000003107,
    "custom-1000-1024-0000649177": 1837.6999999997206,
    "custom-1000-1024-0000847629": 159.5109999999404,
    "custom-1000-1024-0000865929": 27234.0380000039,
    "custom-1000-1024-0000912354": 6102.348000002559,
    "custom-1000-1024-0000952068": 22700.929999995045,
    "custom-1000-1024-0001040402": 513.0930000036024,
    "custom-1000-1024-0001084892": 1226.5999999996275,
    "custom-1000-1024-0001147082": 440.9649999993853,
    "custom-1000-1024-0001184994": 31134.376999998465,
    "custom-1000-1024-0001262395": 1908.1189999994822,
    "custom-1000-1024-0001309193": 4927.148999997415,
    "custom-1000-1024-0001337015": 8110.920000005048,
    "custom-1000-1024-0001388331": 7143.498000001535,
    "custom-1000-1024-0001514639": 3460.363999998197,
    "custom-1000-1024-0001594362": 1599.8550000009127,
    "custom-1000-1024-0001609473": 1120.4739999999292,
    "custom-1000-1024-0001634221": 2067.5969999996014,
    "custom-1000-1024-0001636248": 7169.231999999378,
    "custom-1000-1024-0001640663": 1679.9919999991544,
    "custom-1000-1024-0001687189": 28827.032999997493,
    "custom-1000-1024-0001695685": 183.62199999857694,
    "custom-1000-1024-0001713210": 5730.552000003401,
    "custom-1000-1024-0001778020": 164.11399999959394,
    "custom-1000-1024-0001784397": 4186.898999999743,
    "custom-1000-1024-0001843988": 8280.794000000227,
    "custom-1000-1024-0001853433": 5013.709000001196,
    "custom-1000-1024-0001867851": 2983.5930000017397,
    "custom-1000-1024-0001954123": 995.9499999987893,
    "custom-1000-1024-0002076817": 4742.287999998312,
    "custom-1000-1024-0002078364": 22084.780000000726,
    "custom-1000-1024-0002092104": 5896.830999999773
  },
  "idle_energy_by_function": {
    "custom-1000-1024-0000076708": 9548.41893433767,
    "custom-1000-1024-0000080396": 31417.95194616812,
    "custom-1000-1024-0000097904": 40249.753354203705,
    "custom-1000-1024-0000128878": 880.3001646401559,
    "custom-1000-1024-0000183561": 39603.40419230143,
    "custom-1000-1024-0000213522": 395.577455519637,
    "custom-1000-1024-0000250622": 568.2549183989943,
    "custom-1000-1024-0000256214": 1397.117534540131,
    "custom-1000-1024-0000258246": 1310.9170229995075,
    "custom-1000-1024-0000263448": 1789.4580116418717,
    "custom-1000-1024-0000297890": 1041.0617557593275,
    "custom-1000-1024-0000309566": 9539.500459840878,
    "custom-1000-1024-0000548525": 278.17215608014226,
    "custom-1000-1024-0000558968": 2734.3542592546787,
    "custom-1000-1024-0000632095": 3679.329489684101,
    "custom-1000-1024-0000649177": 2419.1115259996386,
    "custom-1000-1024-0000847629": 209.97709017992156,
    "custom-1000-1024-0000865929": 35850.34294244502,
    "custom-1000-1024-0000912354": 8033.0088602434425,
    "custom-1000-1024-0000952068": 29883.050233393515,
    "custom-1000-1024-0001040402": 675.4253633447418,
    "custom-1000-1024-0001084892": 1614.6717079995076,
    "custom-1000-1024-0001147082": 580.477506699191,
    "custom-1000-1024-0001184994": 40984.671195257455,
    "custom-1000-1024-0001262395": 2511.809689219324,
    "custom-1000-1024-0001309193": 6486.000400616644,
    "custom-1000-1024-0001337015": 10677.052869606694,
    "custom-1000-1024-0001388331": 9403.55789724209,
    "custom-1000-1024-0001514639": 4555.153962317656,
    "custom-1000-1024-0001594362": 2106.017124901199,
    "custom-1000-1024-0001609473": 1474.9695641199075,
    "custom-1000-1024-0001634221": 2721.743338859482,
    "custom-1000-1024-0001636248": 9437.433620159261,
    "custom-1000-1024-0001640663": 2211.507868958888,
    "custom-1000-1024-0001687189": 37947.32970053651,
    "custom-1000-1024-0001695685": 241.71632835812684,
    "custom-1000-1024-0001713210": 7543.584041764538,
    "custom-1000-1024-0001778020": 216.03638731946555,
    "custom-1000-1024-0001784397": 5511.550105619695,
    "custom-1000-1024-0001843988": 10900.671605720407,
    "custom-1000-1024-0001853433": 6599.946253421645,
    "custom-1000-1024-0001867851": 3927.5421533423228,
    "custom-1000-1024-0001954123": 1311.048660998406,
    "custom-1000-1024-0002076817": 6242.653077437812,
    "custom-1000-1024-0002078364": 29071.96269640107,
    "custom-1000-1024-0002092104": 7762.470391779715
  }
}